INSERT INTO gama_producto (id_gama, descripcion_texto, descripcion_html, imagen) VALUES
('GP001', 'Herramientas de jardinería', 'Descripción de herramientas de jardinería en formato HTML', 'herramientas.jpg'),
('GP002', 'Plantas de interior', 'Descripción de plantas de interior en formato HTML', 'plantas_interior.jpg'),
('GP003', 'Mobiliario de jardín', 'Descripción de mobiliario de jardín en formato HTML', 'muebles_jardin.jpg'),
('GP004', 'Decoración exterior', 'Descripción de decoración exterior en formato HTML', 'decoracion_exterior.jpg'),
('GP005', 'Iluminación para exteriores', 'Descripción de iluminación para exteriores en formato HTML', 'iluminacion_exterior.jpg'),
('GP006', 'Fertilizantes y sustratos', 'Descripción de fertilizantes y sustratos en formato HTML', 'fertilizantes.jpg'),
('GP007', 'Piscinas y accesorios', 'Descripción de piscinas y accesorios en formato HTML', 'piscinas.jpg'),
('GP008', 'Semillas y bulbos', 'Descripción de semillas y bulbos en formato HTML', 'semillas.jpg'),
('GP009', 'Muebles de terraza', 'Descripción de muebles de terraza en formato HTML', 'muebles_terraza.jpg'),
('GP010', 'Herramientas de poda', 'Descripción de herramientas de poda en formato HTML', 'herramientas_poda.jpg'),
('GP011', 'Accesorios para riego', 'Descripción de accesorios para riego en formato HTML', 'accesorios_riego.jpg'),
('GP012', 'Macetas decorativas', 'Descripción de macetas decorativas en formato HTML', 'macetas_decorativas.jpg'),
('GP013', 'Sistemas de compostaje', 'Descripción de sistemas de compostaje en formato HTML', 'compostaje.jpg'),
('GP014', 'Fuentes y estanques', 'Descripción de fuentes y estanques en formato HTML', 'fuentes_estanques.jpg'),
('GP015', 'Vallas y cercas', 'Descripción de vallas y cercas en formato HTML', 'vallas_cercas.jpg'),
('GP016', 'Casetas de jardín', 'Descripción de casetas de jardín en formato HTML', 'casetas_jardin.jpg'),
('GP017', 'Pérgolas y toldos', 'Descripción de pérgolas y toldos en formato HTML', 'pergolas_toldos.jpg'),
('GP018', 'Césped artificial', 'Descripción de césped artificial en formato HTML', 'cesped_artificial.jpg'),
('GP019', 'Jardineras', 'Descripción de jardineras en formato HTML', 'jardineras.jpg'),
('GP020', 'Insecticidas y plaguicidas', 'Descripción de insecticidas y plaguicidas en formato HTML', 'insecticidas.jpg');

INSERT INTO proveedor (id_proveedor, nombre, apellido1, apellido2, telefono) VALUES
(1, 'Jardinería S.A.', 'González', 'Martínez', 123456789),
(2, 'Plantas del Sur', 'Díaz', 'López', 987654321),
(3, 'Muebles de Exterior', 'García', 'Pérez', 654321987),
(4, 'Iluminación Moderna', 'Rodríguez', 'Sánchez', 456789123),
(5, 'Decoraciones del Patio', 'Martínez', 'Gómez', 789123456),
(6, 'Herramientas Profesionales', 'López', 'Díaz', 321987654),
(7, 'Semillas de Calidad', 'Pérez', 'García', 654987321),
(8, 'Muebles Elegantes', 'Sánchez', 'Rodríguez', 147258369),
(9, 'Decoración Creativa', 'Gómez', 'Martínez', 258369147),
(10, 'Accesorios para Piscinas', 'Fernández', 'López', 369147258),
(11, 'Riego Eficiente', 'Cortés', 'Fernández', 112233445),
(12, 'Macetas Elegantes', 'Ruiz', 'Blanco', 998877665),
(13, 'Composta Natural', 'Navarro', 'Vega', 776655443),
(14, 'Agua y Vida', 'Hidalgo', 'Jiménez', 665544332),
(15, 'Seguridad Exterior', 'Pardo', 'Castro', 554433221),
(16, 'Casetas Premium', 'Serrano', 'Ramos', 443322110),
(17, 'Sombra y Estilo', 'Morales', 'Ortega', 332211009),
(18, 'Césped Perfecto', 'Torres', 'Romero', 221100998),
(19, 'Jardines Hermosos', 'Luna', 'Vargas', 110099887),
(20, 'Control de Plagas', 'Mendoza', 'Santos', 009988776);


INSERT INTO producto (codigo_producto, nombre, gama_producto, dimensiones_producto, descripcion, id_proveedor_producto, cantidad_stock, precio_venta, precio_proveedor) VALUES
(1, 'Cortadora de césped eléctrica', 'GP001', '50x30x40 cm', 'Cortadora de césped eléctrica para uso doméstico.', 1, 20, 199.99, 150.00),
(2, 'Maceta de cerámica', 'GP004', '20x20x20 cm', 'Maceta de cerámica para plantas de interior.', 2, 100, 9.99, 5.00),
(3, 'Sillón de mimbre', 'GP003', '80x60x70 cm', 'Sillón de mimbre para exteriores.', 3, 10, 149.99, 120.00),
(4, 'Farol solar LED', 'GP005', '15x15x30 cm', 'Farol solar LED para iluminación exterior.', 4, 50, 29.99, 20.00),
(5, 'Abono orgánico', 'GP006', NULL, 'Abono orgánico para mejorar la calidad del suelo.', 5, 200, 14.99, 10.00),
(6, 'Kit de mantenimiento para piscinas', 'GP007', NULL, 'Kit de mantenimiento completo para piscinas.', 6, 5, 99.99, 80.00),
(7, 'Semillas de tomate', 'GP008', NULL, 'Semillas de tomate de la variedad "cherry".', 7, 300, 4.99, 2.50),
(8, 'Mesa de jardín plegable', 'GP003', '100x80x70 cm', 'Mesa de jardín plegable con estructura de aluminio.', 8, 20, 79.99, 60.00),
(9, 'Estacas para plantas trepadoras', 'GP004', '120 cm', 'Estacas metálicas para soportar plantas trepadoras.', 9, 50, 9.99, 7.00),
(10, 'Fertilizante líquido para césped', 'GP006', NULL, 'Fertilizante líquido concentrado para césped.', 10, 100, 19.99, 15.00),
(11, 'Aspersor de jardín', 'GP011', '30x30x50 cm', 'Aspersor ajustable para riego de jardín.', 11, 150, 25.99, 18.00),
(12, 'Maceta de barro', 'GP012', '25x25x25 cm', 'Maceta de barro cocido para plantas medianas.', 12, 80, 12.99, 7.00),
(13, 'Compostador de 300L', 'GP013', '60x60x80 cm', 'Compostador de gran capacidad para jardín.', 13, 50, 55.99, 45.00),
(14, 'Fuente de jardín solar', 'GP014', '50x50x70 cm', 'Fuente decorativa con panel solar.', 14, 30, 99.99, 75.00),
(15, 'Valla de madera', 'GP015', '200x100 cm', 'Valla de madera tratada para exteriores.', 15, 120, 30.00, 22.00),
(16, 'Caseta de resina', 'GP016', '250x200x200 cm', 'Caseta resistente a la intemperie.', 16, 20, 299.99, 250.00),
(17, 'Toldo retráctil', 'GP017', '300x250 cm', 'Toldo de lona resistente para jardín.', 17, 40, 120.00, 95.00),
(18, 'Césped artificial de 10m2', 'GP018', '1000x100 cm', 'Césped artificial de alta calidad.', 18, 60, 150.00, 120.00),
(19, 'Jardinera de madera', 'GP019', '90x30x30 cm', 'Jardinera hecha de madera reciclada.', 19, 70, 39.99, 30.00),
(20, 'Insecticida ecológico', 'GP020', '1L', 'Insecticida ecológico para plantas.', 20, 200, 19.99, 15.00);

INSERT INTO tipo_tel (id_tipo_tel, nombre_tipo_tel, descripcion_tipo_tel) VALUES
(1, 'Móvil', 'Número de teléfono móvil.'),
(2, 'Fijo', 'Número de teléfono fijo.'),
(3, 'Trabajo', 'Número de teléfono del trabajo.'),
(4, 'Fax', 'Número de fax.'),
(5, 'Emergencia', 'Número de teléfono de emergencia.'),
(6, 'Personal', 'Número de teléfono personal.'),
(7, 'VoIP', 'Número de teléfono VoIP.'),
(8, 'Satélite', 'Número de teléfono satelital.'),
(9, 'Residencial', 'Número de teléfono residencial.'),
(10, 'Internacional', 'Número de teléfono internacional.');

INSERT INTO contacto (id_contacto, nombre_contacto, apellido1_contacto, apellido2_contacto, telefono_contacto, tipo_telefono) VALUES
(1, 'Juan', 'González', 'Martínez', 123456789, 1),
(2, 'María', 'Díaz', 'López', 987654321, 2),
(3, 'Pedro', 'García', 'Pérez', 654321987, 1),
(4, 'Laura', 'Rodríguez', 'Sánchez', 456789123, 2),
(5, 'Ana', 'Martínez', 'Gómez', 789123456, 1),
(6, 'Carlos', 'López', 'Díaz', 321987654, 2),
(7, 'Sofía', 'Pérez', 'García', 654987321, 1),
(8, 'Pablo', 'Sánchez', 'Rodríguez', 147258369, 2),
(9, 'Elena', 'Gómez', 'Martínez', 258369147, 1),
(10, 'Miguel', 'Fernández', 'López', 369147258, 2),
(11, 'Luis', 'Ruiz', 'Blanco', 112233445, 3),
(12, 'Carla', 'Navarro', 'Vega', 998877665, 2),
(13, 'Oscar', 'Hidalgo', 'Jiménez', 776655443, 1),
(14, 'Valeria', 'Pardo', 'Castro', 665544332, 3),
(15, 'Iván', 'Serrano', 'Ramos', 554433221, 2),
(16, 'Gabriela', 'Morales', 'Ortega', 443322110, 1),
(17, 'Esteban', 'Torres', 'Romero', 332211009, 3),
(18, 'Natalia', 'Luna', 'Vargas', 221100998, 2),
(19, 'Fernando', 'Mendoza', 'Santos', 110099887, 1),
(20, 'Camila', 'Martínez', 'Díaz', 009988776, 3);

INSERT INTO forma_pago (id_forma_pago, nombre_forma_pago, descripcion_forma_pago) VALUES
(1, 'Tarjeta de crédito', 'Pago realizado con tarjeta de crédito.'),
(2, 'Transferencia bancaria', 'Pago realizado mediante transferencia bancaria.'),
(3, 'Paypal', 'Pago realizado a través de la plataforma Paypal.'),
(4, 'Cheque', 'Pago realizado mediante cheque.'),
(5, 'Efectivo', 'Pago realizado en efectivo.'),
(6, 'Pago a plazos', 'Pago realizado en cuotas mensuales.'),
(7, 'Pago con puntos', 'Pago realizado utilizando puntos acumulados en el programa de fidelización.'),
(8, 'Criptomoneda', 'Pago realizado con una criptomoneda como Bitcoin o Ethereum.'),
(9, 'Giro postal', 'Pago realizado mediante giro postal.'),
(10, 'Cargo en cuenta', 'Pago realizado cargando el importe a una cuenta bancaria.'),
(11, 'Apple Pay', 'Pago realizado a través de Apple Pay.'),
(12, 'Google Pay', 'Pago realizado a través de Google Pay.'),
(13, 'Transferencia instantánea', 'Pago realizado mediante transferencia instantánea.'),
(14, 'Domiciliación bancaria', 'Pago realizado mediante domiciliación bancaria.'),
(15, 'Pago con tarjeta de regalo', 'Pago realizado con tarjeta de regalo.'),
(16, 'Pago móvil', 'Pago realizado a través de un dispositivo móvil.'),
(17, 'Pago en tienda', 'Pago realizado directamente en la tienda.'),
(18, 'Pago contra entrega', 'Pago realizado en el momento de la entrega.'),
(19, 'Pago por factura', 'Pago realizado tras recibir la factura.'),
(20, 'Pago por suscripción', 'Pago recurrente mediante suscripción.');

INSERT INTO transaccion (id_transaccion, cod_cliente, forma_pago_trasaccion, fecha_transaccion, total_transaccion) VALUES
('TRX001', 1, 3, '2023-05-10', 150.00),
('TRX002', 2, 1, '2023-05-12', 250.00),
('TRX003', 3, 2, '2023-05-15', 180.00),
('TRX004', 4, 5, '2023-05-18', 50.00),
('TRX005', 5, 4, '2023-05-20', 120.00),
('TRX006', 6, 6, '2023-05-22', 300.00),
('TRX007', 7, 7, '2023-05-25', 70.00),
('TRX008', 8, 8, '2023-05-28', 400.00),
('TRX009', 9, 9, '2023-05-30', 90.00),
('TRX010', 10, 10, '2023-06-02', 600.00),
('TRX011', 11, 1, '2023-06-03', 220.00),
('TRX012', 12, 2, '2023-06-05', 180.00),
('TRX013', 13, 3, '2023-06-07', 140.00),
('TRX014', 14, 4, '2023-06-09', 210.00),
('TRX015', 15, 5, '2023-06-11', 320.00),
('TRX016', 16, 6, '2023-06-13', 150.00),
('TRX017', 17, 7, '2023-06-15', 280.00),
('TRX018', 18, 8, '2023-06-17', 170.00),
('TRX019', 19, 9, '2023-06-19', 190.00),
('TRX020', 20, 10, '2023-06-21', 300.00);

INSERT INTO oficina (codigo_oficina, ciudad, region, pais, codigo_postal, telefono, linea_direccion1, linea_direccion2) VALUES
('OF011', 'Londres', NULL, 'Reino Unido', 'W1A 1AA', '+44 20 1234 5678', '123 Oxford Street', 'Suite 101'),
('OF012', 'París', NULL, 'Francia', '75001', '+33 1 2345 6789', '15 Rue de Rivoli', NULL),
('OF013', 'Berlín', NULL, 'Alemania', '10178', '+49 30 3456 7890', 'Alexanderplatz 1', 'Eingang A'),
('OF014', 'Roma', NULL, 'Italia', '00184', '+39 06 4567 8901', 'Piazza di Spagna, 1', 'Scala B'),
('OF015', 'Ámsterdam', NULL, 'Países Bajos', '1012 JW', '+31 20 5678 9012', 'Dam Square 1', 'Floor 2'),
('OF016', 'Tokio', NULL, 'Japón', '100-8111', '+81 3 6789 0123', '1 Chome-1-1 Marunouchi', 'Marunouchi Building'),
('OF017', 'Sídney', 'Nueva Gales del Sur', 'Australia', '2000', '+61 2 9012 3456', '1 Martin Place', 'Level 10'),
('OF018', 'Toronto', 'Ontario', 'Canadá', 'M5H 1J9', '+1 416-345-6789', '100 King Street West', 'Suite 500'),
('OF019', 'Ciudad de México', 'CDMX', 'México', '06100', '+52 55 7890 1234', 'Paseo de la Reforma 250', 'Torre Ejecutiva'),
('OF020', 'São Paulo', 'São Paulo', 'Brasil', '01001-000', '+55 11 1234 5678', 'Avenida Paulista, 100', 'Andar 25'),
('OF021', 'Nueva York', 'NY', 'EE.UU.', '10001', '+1 212-555-1234', '5th Avenue', 'Floor 10'),
('OF022', 'Los Ángeles', 'CA', 'EE.UU.', '90001', '+1 310-555-5678', 'Sunset Blvd', 'Suite 200'),
('OF023', 'Miami', 'FL', 'EE.UU.', '33101', '+1 305-555-8765', 'Ocean Drive', 'Apt 300'),
('OF024', 'Houston', 'TX', 'EE.UU.', '77001', '+1 713-555-4567', 'Main Street', 'Office 400'),
('OF025', 'Chicago', 'IL', 'EE.UU.', '60601', '+1 312-555-2345', 'Michigan Avenue', 'Room 500'),
('OF026', 'Boston', 'MA', 'EE.UU.', '02101', '+1 617-555-7890', 'Boylston Street', 'Suite 600'),
('OF027', 'San Francisco', 'CA', 'EE.UU.', '94101', '+1 415-555-0123', 'Market Street', 'Floor 7'),
('OF028', 'Seattle', 'WA', 'EE.UU.', '98101', '+1 206-555-3456', 'Pike Place', 'Office 8'),
('OF029', 'Denver', 'CO', 'EE.UU.', '80201', '+1 303-555-6789', 'Larimer Street', 'Suite 900'),
('OF030', 'Atlanta', 'GA', 'EE.UU.', '30301', '+1 404-555-7890', 'Peachtree Street', 'Apt 10A');

INSERT INTO empleado (id_empleado, nombre, apellido1, apellido2, extension_empleado, email, codigo_oficina_empleado, codigo_jefe, puesto) VALUES
(101, 'John', 'Smith', NULL, '101', 'john.smith@example.com', 'OF011', NULL, 'Gerente de Ventas'),
(102, 'Maria', 'García', 'López', '102', 'maria.garcia@example.com', 'OF012', 101, 'Supervisor de Ventas'),
(103, 'David', 'Johnson', NULL, '103', 'david.johnson@example.com', 'OF013', 101, 'Especialista en Marketing'),
(104, 'Anna', 'Martínez', 'Gómez', '104', 'anna.martinez@example.com', 'OF014', 102, 'Representante de Ventas'),
(105, 'Michael', 'Chen', NULL, '105', 'michael.chen@example.com', 'OF015', 102, 'Representante de Ventas'),
(106, 'Sophie', 'Dupont', NULL, '106', 'sophie.dupont@example.com', 'OF016', 101, 'Contador'),
(107, 'Andreas', 'Müller', NULL, '107', 'andreas.muller@example.com', 'OF017', 101, 'Gerente de Almacén'),
(108, 'Isabella', 'Fernández', 'López', '108', 'isabella.fernandez@example.com', 'OF018', 101, 'Analista de Datos'),
(109, 'Juan', 'Silva', NULL, '109', 'juan.silva@example.com', 'OF019', 101, 'Desarrollador Web'),
(110, 'Sophia', 'Kim', NULL, '110', 'sophia.kim@example.com', 'OF020', 102, 'Diseñador Gráfico'),
(21, 'Pedro', 'López', 'Martínez', 'x101', 'pedro.lopez@example.com', 'OF021', 1, 'Gerente de ventas'),
(22, 'Maria', 'García', 'Pérez', 'x102', 'maria.garcia@example.com', 'OF022', 1, 'Asistente de ventas'),
(23, 'Luis', 'Hernández', 'Sánchez', 'x103', 'luis.hernandez@example.com', 'OF023', 1, 'Gerente de marketing'),
(24, 'Ana', 'Rodríguez', 'Gómez', 'x104', 'ana.rodriguez@example.com', 'OF024', 1, 'Coordinadora de proyectos'),
(25, 'Carlos', 'Martínez', 'López', 'x105', 'carlos.martinez@example.com', 'OF025', 1, 'Representante de servicio al cliente'),
(26, 'Elena', 'González', 'Hernández', 'x106', 'elena.gonzalez@example.com', 'OF026', 1, 'Analista financiero'),
(27, 'Jorge', 'Sánchez', 'Rodríguez', 'x107', 'jorge.sanchez@example.com', 'OF027', 1, 'Ingeniero de ventas'),
(28, 'Laura', 'Pérez', 'García', 'x108', 'laura.perez@example.com', 'OF028', 1, 'Desarrolladora de productos'),
(29, 'Sofía', 'Gómez', 'Martínez', 'x109', 'sofia.gomez@example.com', 'OF029', 1, 'Especialista en marketing'),
(30, 'Miguel', 'Díaz', 'López', 'x110', 'miguel.diaz@example.com', 'OF030', 1, 'Administrador de sistemas');


INSERT INTO cliente (id_cliente, nombre_cliente, apellido1_cliente, apellido2_cliente, id_contacto_cliente, telefono_cliente, fax, linea_direccion1, linea_direccion2, region, ciudad, pais, codigo_postal_cliente, codigo_empleado_rep_ventas, limite_credito) VALUES
(501, 'Juan', 'Gómez', NULL, 1, '123456789', '123456789', 'Calle Mayor, 1', NULL, 'Comunidad de Madrid', 'Madrid', 'España', '28001', 104, 1000.00),
(502, 'María', 'Rodríguez', 'Martínez', 2, '987654321', '987654321', 'Plaza España, 5', NULL, 'Cataluña', 'Barcelona', 'España', '08001', 105, 1500.00),
(503, 'David', 'López', 'Pérez', 3, '654321987', '654321987', 'Avenida Libertad, 10', NULL, 'Andalucía', 'Sevilla', 'España', '41001', 106, 2000.00),
(504, 'Ana', 'García', 'Fernández', 4, '456789123', '456789123', 'Calle Alameda, 15', NULL, 'Valencia', 'Valencia', 'España', '46001', 107, 2500.00),
(505, 'Carlos', 'Martínez', NULL, 5, '789123456', '789123456', 'Calle Gran Vía, 20', NULL, 'País Vasco', 'Bilbao', 'España', '48001', 108, 3000.00),
(506, 'Laura', 'Díaz', NULL, 6, '321987654', '321987654', 'Calle Mayor, 25', NULL, 'Andalucía', 'Málaga', 'España', '29001', 109, 3500.00),
(507, 'Pablo', 'Pérez', 'Gómez', 7, '654987321', '654987321', 'Paseo del Puerto, 30', NULL, 'Comunidad Valenciana', 'Alicante', 'España', '03001', 110, 4000.00),
(508, 'Elena', 'Gómez', 'Hernández', 8, '147258369', '147258369', 'Avenida Diagonal, 35', NULL, 'Cataluña', 'Tarragona', 'España', '43001', 104, 4500.00),
(509, 'Miguel', 'Hernández', 'Pérez', 9, '258369147', '258369147', 'Paseo de Gracia, 40', NULL, 'Castilla-La Mancha', 'Toledo', 'España', '45001', 105, 5000.00),
(510, 'Sofía', 'López', NULL, 10, '369147258', '369147258', 'Calle Mayor, 45', NULL, 'Andalucía', 'Granada', 'España', '18001', 106, 5500.00),
(11, 'Garden Supplies', 'Laura', 'Gómez', '+1 555-1111', '+1 555-1112', 'Main Street', 'Apt 101', 'Los Angeles', 'CA', 'USA', '90001', 1, 5000.00),
(12, 'Green Paradise', 'Carlos', 'Fernández', '+1 555-2222', '+1 555-2223', 'Elm Street', 'Suite 202', 'Miami', 'FL', 'USA', '33101', 2, 7000.00),
(13, 'Eco Garden', 'Ana', 'Martínez', '+1 555-3333', '+1 555-3334', 'Oak Avenue', 'Office 303', 'Houston', 'TX', 'USA', '77001', 3, 4500.00),
(14, 'Floral Designs', 'Marta', 'López', '+1 555-4444', '+1 555-4445', 'Pine Road', 'Room 404', 'Chicago', 'IL', 'USA', '60601', 4, 6000.00),
(15, 'Urban Gardens', 'Miguel', 'Hernández', '+1 555-5555', '+1 555-5556', 'Maple Drive', 'Floor 505', 'Boston', 'MA', 'USA', '02101', 5, 5500.00),
(16, 'Plant Haven', 'Elena', 'González', '+1 555-6666', '+1 555-6667', 'Cedar Street', 'Apt 606', 'San Francisco', 'CA', 'USA', '94101', 6, 6500.00),
(17, 'Natures Beauty', 'Pablo', 'Sánchez', '+1 555-7777', '+1 555-7778', 'Birch Boulevard', 'Suite 707', 'Seattle', 'WA', 'USA', '98101', 7, 4700.00),
(18, 'Green Thumb', 'Sofía', 'Torres', '+1 555-8888', '+1 555-8889', 'Spruce Lane', 'Office 808', 'Denver', 'CO', 'USA', '80201', 8, 5200.00),
(19, 'Blooming Garden', 'Javier', 'Ramírez', '+1 555-9999', '+1 555-9990', 'Ash Court', 'Room 909', 'Atlanta', 'GA', 'USA', '30301', 9, 5800.00),
(20, 'Botanical Oasis', 'Lucía', 'Díaz', '+1 555-1010', '+1 555-1011', 'Willow Way', 'Floor 1010', 'New York', 'NY', 'USA', '10001', 10, 6300.00);

INSERT INTO pedido (codigo_pedido, fecha_pedido, fecha_esperada, fecha_entrega, estado_pedido, comentarios, tipo_pago, codigo_cliente_pedido) VALUES
(1001, '2024-01-10', '2024-01-15', '2024-01-17', 'Entregado', 'Todo en perfecto estado.', 1, 501),
(1002, '2024-02-15', '2024-02-20', '2024-02-22', 'Entregado', 'Entrega rápida.', 2, 502),
(1003, '2024-03-20', '2024-03-25', '2024-03-28', 'Entregado', 'Cliente satisfecho.', 3, 503),
(1004, '2024-04-25', '2024-04-30', NULL, 'Pendiente', 'En espera de confirmación.', 4, 504),
(1005, '2024-05-01', '2024-05-05', NULL, 'Pendiente', 'Producto fuera de stock.', 5, 505),
(1006, '2024-06-10', '2024-06-15', NULL, 'Pendiente', 'Cliente solicita cambio.', 6, 506),
(1007, '2024-07-15', '2024-07-20', NULL, 'Pendiente', 'Pago a plazos.', 7, 507),
(1008, '2024-08-20', '2024-08-25', NULL, 'Pendiente', 'Cliente utiliza puntos de fidelidad.', 8, 508),
(1009, '2024-09-25', '2024-09-30', NULL, 'Pendiente', 'Cliente pide factura.', 9, 509),
(1010, '2024-10-30', '2024-11-05', NULL, 'Pendiente', 'Cliente desea entrega en domicilio.', 10, 510),
(1011, '2024-01-05', '2024-01-12', '2024-01-10', 'Entregado', 'Entrega puntual.', 11),
(1012, '2024-01-06', '2024-01-13', '2024-01-11', 'Entregado', 'Producto en buen estado.', 12),
(1013, '2024-01-07', '2024-01-14', '2024-01-12', 'Entregado', 'Muy satisfecho.', 13),
(1014, '2024-01-08', '2024-01-15', '2024-01-13', 'Entregado', 'Recomendado.', 14),
(1015, '2024-01-09', '2024-01-16', '2024-01-14', 'Entregado', 'Buen servicio.', 15),
(1016, '2024-01-10', '2024-01-17', '2024-01-15', 'Entregado', 'Todo correcto.', 16),
(1017, '2024-01-11', '2024-01-18', '2024-01-16', 'Entregado', 'Volveré a comprar.', 17),
(1018, '2024-01-12', '2024-01-19', '2024-01-17', 'Entregado', 'Satisfecho con el producto.', 18),
(1019, '2024-01-13', '2024-01-20', '2024-01-18', 'Entregado', 'Buen producto.', 19),
(1020, '2024-01-14', '2024-01-21', '2024-01-19', 'Entregado', 'Excelente servicio.', 20);

INSERT INTO detalle_pedido (codigo_pedido_detalle, codigo_producto_pedido, cantidad, precio_unidad, numero_linea) VALUES
(1001, 1, 2, 25.00, 1),
(1001, 2, 1, 50.00, 2),
(1002, 3, 3, 30.00, 1),
(1002, 4, 2, 40.00, 2),
(1003, 5, 1, 20.00, 1),
(1003, 6, 4, 15.00, 2),
(1004, 7, 2, 35.00, 1),
(1005, 8, 3, 45.00, 1),
(1006, 9, 1, 60.00, 1),
(1007, 10, 2, 70.00, 1),
(1011, 11, 10, 25.99, 1),
(1012, 12, 15, 12.99, 1),
(1013, 13, 5, 55.99, 1),
(1014, 14, 3, 99.99, 1),
(1015, 15, 20, 30.00, 1),
(1016, 16, 2, 299.99, 1),
(1017, 17, 4, 120.00, 1),
(1018, 18, 6, 150.00, 1),
(1019, 19, 8, 39.99, 1),
(1020, 20, 12, 19.99, 1);